<?xml version="1.0" encoding="UTF-8"?>
<metadata xml:lang="en"><Esri><CreaDate>20160712</CreaDate><CreaTime>23191700</CreaTime><ArcGISFormat>1.0</ArcGISFormat><SyncOnce>TRUE</SyncOnce><DataProperties><lineage><Process ToolSource="c:\program files (x86)\arcgis\desktop10.3\ArcToolbox\Toolboxes\Data Management Tools.tbx\CalculateField" Date="20160508" Time="035100">CalculateField Cholera_Deaths Count 1 VB #</Process><Process ToolSource="c:\program files (x86)\arcgis\desktop10.3\ArcToolbox\Toolboxes\Data Management Tools.tbx\CalculateField" Date="20160508" Time="044534">CalculateField Cholera_Deaths Id "[FID]+ 1" VB #</Process><Process ToolSource="c:\program files (x86)\arcgis\desktop10.3\ArcToolbox\Toolboxes\Data Management Tools.tbx\CalculateField" Date="20160508" Time="044704">CalculateField Cholera_Deaths Streetname "Great Pulteney St" VB #</Process><Process ToolSource="c:\program files (x86)\arcgis\desktop10.3\ArcToolbox\Toolboxes\Data Management Tools.tbx\CalculateField" Date="20160508" Time="044732">CalculateField Cholera_Deaths Streetname "Bridle St" VB #</Process><Process ToolSource="c:\program files (x86)\arcgis\desktop10.3\ArcToolbox\Toolboxes\Data Management Tools.tbx\CalculateField" Date="20160508" Time="044802">CalculateField Cholera_Deaths Streetname "Upper James St" VB #</Process><Process ToolSource="c:\program files (x86)\arcgis\desktop10.3\ArcToolbox\Toolboxes\Data Management Tools.tbx\CalculateField" Date="20160508" Time="044833">CalculateField Cholera_Deaths Streetname "Silver St" VB #</Process><Process ToolSource="c:\program files (x86)\arcgis\desktop10.3\ArcToolbox\Toolboxes\Data Management Tools.tbx\CalculateField" Date="20160508" Time="044901">CalculateField Cholera_Deaths Streetname "Upper John St" VB #</Process><Process ToolSource="c:\program files (x86)\arcgis\desktop10.3\ArcToolbox\Toolboxes\Data Management Tools.tbx\CalculateField" Date="20160508" Time="044924">CalculateField Cholera_Deaths Streetname "Golden Sq" VB #</Process><Process ToolSource="c:\program files (x86)\arcgis\desktop10.3\ArcToolbox\Toolboxes\Data Management Tools.tbx\CalculateField" Date="20160508" Time="045010">CalculateField Cholera_Deaths Streetname "Silver St" VB #</Process><Process ToolSource="c:\program files (x86)\arcgis\desktop10.3\ArcToolbox\Toolboxes\Data Management Tools.tbx\CalculateField" Date="20160508" Time="045104">CalculateField Cholera_Deaths Streetname "Broad St" VB #</Process><Process ToolSource="c:\program files (x86)\arcgis\desktop10.3\ArcToolbox\Toolboxes\Data Management Tools.tbx\CalculateField" Date="20160508" Time="045209">CalculateField Cholera_Deaths Streetname "Marshall St" VB #</Process><Process ToolSource="c:\program files (x86)\arcgis\desktop10.3\ArcToolbox\Toolboxes\Data Management Tools.tbx\CalculateField" Date="20160508" Time="045223">CalculateField Cholera_Deaths Streetname "Marshall St" VB #</Process><Process ToolSource="c:\program files (x86)\arcgis\desktop10.3\ArcToolbox\Toolboxes\Data Management Tools.tbx\CalculateField" Date="20160508" Time="045258">CalculateField Cholera_Deaths Streetname "West St" VB #</Process><Process ToolSource="c:\program files (x86)\arcgis\desktop10.3\ArcToolbox\Toolboxes\Data Management Tools.tbx\CalculateField" Date="20160508" Time="045347">CalculateField Cholera_Deaths Streetname "Carnaby St" VB #</Process><Process ToolSource="c:\program files (x86)\arcgis\desktop10.3\ArcToolbox\Toolboxes\Data Management Tools.tbx\CalculateField" Date="20160508" Time="045406">CalculateField Cholera_Deaths Streetname "Tyler St" VB #</Process><Process ToolSource="c:\program files (x86)\arcgis\desktop10.3\ArcToolbox\Toolboxes\Data Management Tools.tbx\CalculateField" Date="20160508" Time="045444">CalculateField Cholera_Deaths Streetname "Cross St" VB #</Process><Process ToolSource="c:\program files (x86)\arcgis\desktop10.3\ArcToolbox\Toolboxes\Data Management Tools.tbx\CalculateField" Date="20160508" Time="045511">CalculateField Cholera_Deaths Streetname "Carnaby St" VB #</Process><Process ToolSource="c:\program files (x86)\arcgis\desktop10.3\ArcToolbox\Toolboxes\Data Management Tools.tbx\CalculateField" Date="20160508" Time="045618">CalculateField Cholera_Deaths Streetname "Little Windmill St" VB #</Process><Process ToolSource="c:\program files (x86)\arcgis\desktop10.3\ArcToolbox\Toolboxes\Data Management Tools.tbx\CalculateField" Date="20160508" Time="045707">CalculateField Cholera_Deaths Streetname "Little Pulteney St" VB #</Process><Process ToolSource="c:\program files (x86)\arcgis\desktop10.3\ArcToolbox\Toolboxes\Data Management Tools.tbx\CalculateField" Date="20160508" Time="045719">CalculateField Cholera_Deaths Streetname "Little Pulteney St" VB #</Process><Process ToolSource="c:\program files (x86)\arcgis\desktop10.3\ArcToolbox\Toolboxes\Data Management Tools.tbx\CalculateField" Date="20160508" Time="045751">CalculateField Cholera_Deaths Streetname "Peter St" VB #</Process><Process ToolSource="c:\program files (x86)\arcgis\desktop10.3\ArcToolbox\Toolboxes\Data Management Tools.tbx\CalculateField" Date="20160508" Time="045803">CalculateField Cholera_Deaths Streetname "Peter St" VB #</Process><Process ToolSource="c:\program files (x86)\arcgis\desktop10.3\ArcToolbox\Toolboxes\Data Management Tools.tbx\CalculateField" Date="20160508" Time="045850">CalculateField Cholera_Deaths Streetname "Berwick St" VB #</Process><Process ToolSource="c:\program files (x86)\arcgis\desktop10.3\ArcToolbox\Toolboxes\Data Management Tools.tbx\CalculateField" Date="20160508" Time="045908">CalculateField Cholera_Deaths Streetname "Berwick St" VB #</Process><Process ToolSource="c:\program files (x86)\arcgis\desktop10.3\ArcToolbox\Toolboxes\Data Management Tools.tbx\CalculateField" Date="20160508" Time="045925">CalculateField Cholera_Deaths Streetname "Edward St" VB #</Process><Process ToolSource="c:\program files (x86)\arcgis\desktop10.3\ArcToolbox\Toolboxes\Data Management Tools.tbx\CalculateField" Date="20160508" Time="045951">CalculateField Cholera_Deaths Streetname "Duck Lane" VB #</Process><Process ToolSource="c:\program files (x86)\arcgis\desktop10.3\ArcToolbox\Toolboxes\Data Management Tools.tbx\CalculateField" Date="20160508" Time="050040">CalculateField Cholera_Deaths Streetname "St Anns Court" VB #</Process><Process ToolSource="c:\program files (x86)\arcgis\desktop10.3\ArcToolbox\Toolboxes\Data Management Tools.tbx\CalculateField" Date="20160508" Time="050149">CalculateField Cholera_Deaths Streetname "Wardor St" VB #</Process><Process ToolSource="c:\program files (x86)\arcgis\desktop10.3\ArcToolbox\Toolboxes\Data Management Tools.tbx\CalculateField" Date="20160508" Time="050204">CalculateField Cholera_Deaths Streetname "Wardour St" VB #</Process><Process ToolSource="c:\program files (x86)\arcgis\desktop10.3\ArcToolbox\Toolboxes\Data Management Tools.tbx\CalculateField" Date="20160508" Time="050231">CalculateField Cholera_Deaths Streetname "Gt Chapel St" VB #</Process><Process ToolSource="c:\program files (x86)\arcgis\desktop10.3\ArcToolbox\Toolboxes\Data Management Tools.tbx\CalculateField" Date="20160508" Time="050333">CalculateField Cholera_Deaths Streetname "Leicester St" VB #</Process><Process ToolSource="c:\program files (x86)\arcgis\desktop10.3\ArcToolbox\Toolboxes\Data Management Tools.tbx\CalculateField" Date="20160508" Time="050403">CalculateField Cholera_Deaths Streetname "Heddon Court" VB #</Process><Process ToolSource="c:\program files (x86)\arcgis\desktop10.3\ArcToolbox\Toolboxes\Data Management Tools.tbx\CalculateField" Date="20160508" Time="050500">CalculateField Cholera_Deaths Streetname "King St" VB #</Process><Process ToolSource="c:\program files (x86)\arcgis\desktop10.3\ArcToolbox\Toolboxes\Data Management Tools.tbx\CalculateField" Date="20160508" Time="050548">CalculateField Cholera_Deaths Streetname "Dufours Pl" VB #</Process><Process ToolSource="c:\program files (x86)\arcgis\desktop10.3\ArcToolbox\Toolboxes\Data Management Tools.tbx\CalculateField" Date="20160508" Time="050612">CalculateField Cholera_Deaths Streetname "Workhouse" VB #</Process><Process ToolSource="c:\program files (x86)\arcgis\desktop10.3\ArcToolbox\Toolboxes\Data Management Tools.tbx\CalculateField" Date="20160508" Time="050645">CalculateField Cholera_Deaths Streetname "Gt Marlborough St" VB #</Process><Process ToolSource="c:\program files (x86)\arcgis\desktop10.3\ArcToolbox\Toolboxes\Data Management Tools.tbx\CalculateField" Date="20160508" Time="050700">CalculateField Cholera_Deaths Streetname "Carnaby St" VB #</Process><Process ToolSource="c:\program files (x86)\arcgis\desktop10.3\ArcToolbox\Toolboxes\Data Management Tools.tbx\CalculateField" Date="20160508" Time="050737">CalculateField Cholera_Deaths Streetname "Poland St" VB #</Process><Process ToolSource="c:\program files (x86)\arcgis\desktop10.3\ArcToolbox\Toolboxes\Data Management Tools.tbx\CalculateField" Date="20160508" Time="050800">CalculateField Cholera_Deaths Streetname "Portland St" VB #</Process><Process ToolSource="c:\program files (x86)\arcgis\desktop10.3\ArcToolbox\Toolboxes\Data Management Tools.tbx\CalculateField" Date="20160508" Time="050816">CalculateField Cholera_Deaths Streetname "Poland St" VB #</Process><Process ToolSource="c:\program files (x86)\arcgis\desktop10.3\ArcToolbox\Toolboxes\Data Management Tools.tbx\CalculateField" Date="20160508" Time="050844">CalculateField Cholera_Deaths Streetname "Noel St" VB #</Process><Process ToolSource="c:\program files (x86)\arcgis\desktop10.3\ArcToolbox\Toolboxes\Data Management Tools.tbx\CalculateField" Date="20160508" Time="051102">CalculateField Cholera_Deaths Streetname "Bentinck St" VB #</Process><Process ToolSource="c:\program files (x86)\arcgis\desktop10.3\ArcToolbox\Toolboxes\Data Management Tools.tbx\CalculateField" Date="20160508" Time="051135">CalculateField Cholera_Deaths Streetname "Portland Mews" VB #</Process><Process ToolSource="c:\program files (x86)\arcgis\desktop10.3\ArcToolbox\Toolboxes\Data Management Tools.tbx\CalculateField" Date="20160508" Time="051233">CalculateField Cholera_Deaths Streetname "Broad St" VB #</Process><Process ToolSource="c:\program files (x86)\arcgis\desktop10.3\ArcToolbox\Toolboxes\Data Management Tools.tbx\CalculateField" Date="20160508" Time="051348">CalculateField Cholera_Deaths Streetname "Alwick St" VB #</Process><Process ToolSource="c:\program files (x86)\arcgis\desktop10.3\ArcToolbox\Toolboxes\Data Management Tools.tbx\CalculateField" Date="20160508" Time="051413">CalculateField Cholera_Deaths Streetname "Hopkins St" VB #</Process><Process ToolSource="c:\program files (x86)\arcgis\desktop10.3\ArcToolbox\Toolboxes\Data Management Tools.tbx\CalculateField" Date="20160508" Time="051448">CalculateField Cholera_Deaths Streetname "Husband St" VB #</Process><Process ToolSource="c:\program files (x86)\arcgis\desktop10.3\ArcToolbox\Toolboxes\Data Management Tools.tbx\CalculateField" Date="20160508" Time="051510">CalculateField Cholera_Deaths Streetname "Mew St" VB #</Process><Process ToolSource="c:\program files (x86)\arcgis\desktop10.3\ArcToolbox\Toolboxes\Data Management Tools.tbx\CalculateField" Date="20160508" Time="051600">CalculateField Cholera_Deaths Streetname "Pulteney St" VB #</Process><Process ToolSource="c:\program files (x86)\arcgis\desktop10.3\ArcToolbox\Toolboxes\Data Management Tools.tbx\CalculateField" Date="20160508" Time="051705">CalculateField Cholera_Deaths Streetname "William and Mary Yard" VB #</Process><Process ToolSource="c:\program files (x86)\arcgis\desktop10.3\ArcToolbox\Toolboxes\Data Management Tools.tbx\CalculateField" Date="20160508" Time="051801">CalculateField Cholera_Deaths Streetname "Something Court" VB #</Process><Process ToolSource="c:\program files (x86)\arcgis\desktop10.3\ArcToolbox\Toolboxes\Data Management Tools.tbx\CalculateField" Date="20160508" Time="051821">CalculateField Cholera_Deaths Streetname "Something2 Court" VB #</Process><Process ToolSource="c:\program files (x86)\arcgis\desktop10.3\ArcToolbox\Toolboxes\Data Management Tools.tbx\CalculateField" Date="20160508" Time="051841">CalculateField Cholera_Deaths Streetname "Something2 Court" VB #</Process><Process ToolSource="c:\program files (x86)\arcgis\desktop10.3\ArcToolbox\Toolboxes\Data Management Tools.tbx\CalculateField" Date="20160508" Time="051917">CalculateField Cholera_Deaths Streetname "Gt Crown St" VB #</Process><Process ToolSource="c:\program files (x86)\arcgis\desktop10.3\ArcToolbox\Toolboxes\Data Management Tools.tbx\CalculateField" Date="20160508" Time="052119">CalculateField Cholera_Deaths Streetname "Heards Court" VB #</Process><Process ToolSource="c:\program files (x86)\arcgis\desktop10.3\ArcToolbox\Toolboxes\Data Management Tools.tbx\CalculateField" Date="20160508" Time="052134">CalculateField Cholera_Deaths Streetname "Heards St" VB #</Process><Process ToolSource="c:\program files (x86)\arcgis\desktop10.3\ArcToolbox\Toolboxes\Data Management Tools.tbx\CalculateField" Date="20160508" Time="052419">CalculateField Cholera_Deaths Streetname "Gt Windwill St" VB #</Process><Process ToolSource="c:\program files (x86)\arcgis\desktop10.3\ArcToolbox\Toolboxes\Data Management Tools.tbx\CalculateField" Date="20160508" Time="053000">CalculateField Cholera_Deaths Streetname "Cambridge St" VB #</Process><Process ToolSource="c:\program files (x86)\arcgis\desktop10.3\ArcToolbox\Toolboxes\Data Management Tools.tbx\CalculateField" Date="20160508" Time="053209">CalculateField Cholera_Deaths Streetname "Coerns Court" VB #</Process><Process ToolSource="c:\program files (x86)\arcgis\desktop10.3\ArcToolbox\Toolboxes\Data Management Tools.tbx\CalculateField" Date="20160508" Time="053253">CalculateField Cholera_Deaths Streetname "Puleney Court" VB #</Process><Process ToolSource="c:\program files (x86)\arcgis\desktop10.3\ArcToolbox\Toolboxes\Data Management Tools.tbx\CalculateField" Date="20160508" Time="053329">CalculateField Cholera_Deaths Streetname "Pulteney Court" VB #</Process><Process ToolSource="c:\program files (x86)\arcgis\desktop10.3\ArcToolbox\Toolboxes\Data Management Tools.tbx\CalculateField" Date="20160508" Time="053410">CalculateField Cholera_Deaths Streetname "Queens Head Court" VB #</Process><Process ToolSource="c:\program files (x86)\arcgis\desktop10.3\ArcToolbox\Toolboxes\Data Management Tools.tbx\CalculateField" Date="20160508" Time="053537">CalculateField Cholera_Deaths Streetname "Rupert St" VB #</Process><Process ToolSource="c:\program files (x86)\arcgis\desktop10.3\ArcToolbox\Toolboxes\Data Management Tools.tbx\CalculateField" Date="20160508" Time="053630">CalculateField Cholera_Deaths Streetname "George Court" VB #</Process><Process ToolSource="c:\program files (x86)\arcgis\desktop10.3\ArcToolbox\Toolboxes\Data Management Tools.tbx\CalculateField" Date="20160508" Time="053917">CalculateField Cholera_Deaths Streetname "Tylers Court" VB #</Process><Process ToolSource="c:\program files (x86)\arcgis\desktop10.3\ArcToolbox\Toolboxes\Data Management Tools.tbx\CalculateField" Date="20160508" Time="054053">CalculateField Cholera_Deaths Streetname "Berwick St" VB #</Process><Process ToolSource="c:\program files (x86)\arcgis\desktop10.3\ArcToolbox\Toolboxes\Data Management Tools.tbx\CalculateField" Date="20160508" Time="054111">CalculateField Cholera_Deaths Streetname "Little Chapel St" VB #</Process><Process ToolSource="c:\program files (x86)\arcgis\desktop10.3\ArcToolbox\Toolboxes\Data Management Tools.tbx\CalculateField" Date="20160508" Time="054222">CalculateField Cholera_Deaths Streetname "Marlborough Mews" VB #</Process><Process ToolSource="c:\program files (x86)\arcgis\desktop10.3\ArcToolbox\Toolboxes\Data Management Tools.tbx\CalculateField" Date="20160508" Time="054536">CalculateField Cholera_Deaths Streetname "Maynard Yards" VB #</Process><Process ToolSource="c:\program files (x86)\arcgis\desktop10.3\ArcToolbox\Toolboxes\Data Management Tools.tbx\CalculateField" Date="20160508" Time="054631">CalculateField Cholera_Deaths Streetname "Meards Court" VB #</Process><Process ToolSource="c:\program files (x86)\arcgis\desktop10.3\ArcToolbox\Toolboxes\Data Management Tools.tbx\CalculateField" Date="20160508" Time="054650">CalculateField Cholera_Deaths Streetname "Meards St" VB #</Process><Process ToolSource="c:\program files (x86)\arcgis\desktop10.3\ArcToolbox\Toolboxes\Data Management Tools.tbx\CalculateField" Date="20160508" Time="054738">CalculateField Cholera_Deaths Streetname "South Row" VB #</Process><Process ToolSource="c:\program files (x86)\arcgis\desktop10.3\ArcToolbox\Toolboxes\Data Management Tools.tbx\CalculateField" Date="20160508" Time="054839">CalculateField Cholera_Deaths Streetname "Marlborough Court" VB #</Process><Process ToolSource="c:\program files (x86)\arcgis\desktop10.3\ArcToolbox\Toolboxes\Data Management Tools.tbx\CalculateField" Date="20160508" Time="054911">CalculateField Cholera_Deaths Streetname "Marlborough Row" VB #</Process><Process ToolSource="c:\program files (x86)\arcgis\desktop10.3\ArcToolbox\Toolboxes\Data Management Tools.tbx\CalculateField" Date="20160508" Time="061414">CalculateField Cholera_Deaths Id "[FID] + 1" VB #</Process><Process ToolSource="c:\program files (x86)\arcgis\desktop10.3\ArcToolbox\Toolboxes\Data Management Tools.tbx\CalculateField" Date="20160508" Time="074535">CalculateField Cholera_Deaths Id "[FID] + 1" VB #</Process><Process ToolSource="c:\program files (x86)\arcgis\desktop10.3\ArcToolbox\Toolboxes\Data Management Tools.tbx\Project" Date="20160508" Time="083259">Project Cholera_deaths "C:\Users\Justine Blanford\Documents\ArcGIS\Default.gdb\Cholera_deaths_Project1" GEOGCS['GCS_WGS_1984',DATUM['D_WGS_1984',SPHEROID['WGS_1984',6378137.0,298.257223563]],PRIMEM['Greenwich',0.0],UNIT['Degree',0.0174532925199433]] OSGB_1936_To_WGS_1984_1 PROJCS['OSGB 1936 / British National Grid',GEOGCS['OSGB 1936',DATUM['OSGB 1936',SPHEROID['Airy 1830',6377563.396,299.3249646]],PRIMEM['Greenwich',0.0],UNIT['degree',0.0174532925199433]],PROJECTION['Transverse_Mercator'],PARAMETER['false_easting',400000.0],PARAMETER['false_northing',-100000.0],PARAMETER['central_meridian',-2.0],PARAMETER['scale_factor',0.9996012717],PARAMETER['latitude_of_origin',49.0],UNIT['m',1.0]] NO_PRESERVE_SHAPE #</Process><Process ToolSource="c:\program files (x86)\arcgis\desktop10.3\ArcToolbox\Toolboxes\Data Management Tools.tbx\Project" Date="20160508" Time="084947">Project Cholera_deaths_ll "C:\Users\Justine Blanford\Documents\ArcGIS\Default.gdb\Cholera_deaths_ll_Prj" PROJCS['Europe_Albers_Equal_Area_Conic',GEOGCS['GCS_European_1950',DATUM['D_European_1950',SPHEROID['International_1924',6378388.0,297.0]],PRIMEM['Greenwich',0.0],UNIT['Degree',0.0174532925199433]],PROJECTION['Albers'],PARAMETER['False_Easting',0.0],PARAMETER['False_Northing',0.0],PARAMETER['Central_Meridian',10.0],PARAMETER['Standard_Parallel_1',43.0],PARAMETER['Standard_Parallel_2',62.0],PARAMETER['Latitude_Of_Origin',30.0],UNIT['Meter',1.0]] ED_1950_To_WGS_1984_18 GEOGCS['GCS_WGS_1984',DATUM['D_WGS_1984',SPHEROID['WGS_1984',6378137.0,298.257223563]],PRIMEM['Greenwich',0.0],UNIT['Degree',0.0174532925199433]] NO_PRESERVE_SHAPE #</Process><Process ToolSource="c:\program files\arcgis\pro\Resources\ArcToolbox\Toolboxes\Data Management Tools.tbx\UpdateSchema" Date="20240503" Time="113354">UpdateSchema "CIMDATA=&lt;CIMStandardDataConnection xsi:type='typens:CIMStandardDataConnection' xmlns:xsi='http://www.w3.org/2001/XMLSchema-instance' xmlns:xs='http://www.w3.org/2001/XMLSchema' xmlns:typens='http://www.esri.com/schemas/ArcGIS/2.8.0'&gt;&lt;WorkspaceConnectionString&gt;DATABASE=C:\jb\teaching\itc_geohealthcourse\L1\L1_project\ProjectFinal\lesson1_data\projected&lt;/WorkspaceConnectionString&gt;&lt;WorkspaceFactory&gt;Shapefile&lt;/WorkspaceFactory&gt;&lt;Dataset&gt;Cholera_deaths_prj.shp&lt;/Dataset&gt;&lt;DatasetType&gt;esriDTFeatureClass&lt;/DatasetType&gt;&lt;/CIMStandardDataConnection&gt;" &lt;operationSequence&gt;&lt;workflow&gt;&lt;AddField&gt;&lt;field_name&gt;Deaths&lt;/field_name&gt;&lt;field_type&gt;LONG&lt;/field_type&gt;&lt;field_is_nullable&gt;False&lt;/field_is_nullable&gt;&lt;field_is_required&gt;False&lt;/field_is_required&gt;&lt;/AddField&gt;&lt;/workflow&gt;&lt;/operationSequence&gt;</Process><Process ToolSource="c:\program files\arcgis\pro\Resources\ArcToolbox\toolboxes\Data Management Tools.tbx\CalculateField" Date="20240503" Time="113513">CalculateField Cholera_deaths_prj Deaths !Count! "Python 3" # Text NO_ENFORCE_DOMAINS</Process></lineage><itemProps><itemLocation><linkage Sync="TRUE">file://\\EED-WKLT013\C$\aateaching\geog_GISHealthDisease\aaacourse\Lesson1\ProjectFinal\projected\Cholera_deaths_prjCopy</linkage><protocol Sync="TRUE">Local Area Network</protocol></itemLocation></itemProps><copyHistory><copy source="C:\aateaching\geog_GISHealthDisease\aaacourse\Lesson1\Project\SnowGIS_FinalMay2016\projected\Cholera_deaths_prj" dest="\\EED-WKLT013\C$\aateaching\geog_GISHealthDisease\aaacourse\Lesson1\ProjectFinal\projected\Cholera_deaths_prjCopy" date="20160712" time="23191700"></copy></copyHistory></DataProperties></Esri></metadata>
